symbol_a,symbol_b,n_days,pearson_r,adf_t,half_life,exc_ge_1_5,revert_rate,mean_log_rel_pe,spread_sd,score,security_a,security_b,corr_z,adf_z,hl_z,exc_z,rev_z
DHR,MDT,1255,0.9316416545770774,-4.666528620794221,21.9268567878501,10,1.0,0.44349820676425505,0.11218609451556201,1.6565464809034012,Danaher Corporation,Medtronic,1.5478966319735334,3.447928591025483,-1.384231699869827,4.046944556859572,0.0
ALGN,WST,1255,0.8240218215985093,-3.4299587365937234,36.038587625164034,10,0.9,-0.09712076895648158,0.1864261749650101,1.0525033015037006,Align Technology,West Pharmaceutical Services,0.4285311561410934,1.1841218175006953,0.4842000087116246,4.046944556859572,-0.759681849850617
HSIC,MDT,1255,0.8229647364903871,-3.661345182904157,35.90957285873884,8,1.0,0.018989318769156185,0.1532029527788504,1.0260292833920794,Henry Schein,Medtronic,0.4175363000602052,1.6077244065270813,0.47071418028145257,2.697963037906381,0.0
MCK,VRTX,1006,0.9154532769879725,-2.860062095443546,47.06519198868769,6,1.0,-0.3290319278529061,0.14666298318724758,0.8815113306175071,McKesson Corporation,Vertex Pharmaceuticals,1.3795195728250378,0.14080360885862395,1.150536643561806,1.3489815189531904,0.0
AMGN,BMY,1005,0.9616843780397892,-3.8979374499142465,22.790579237517626,3,1.0,0.44788784866368436,0.09482140963768258,0.7193628552788115,Amgen,Bristol Myers Squibb,1.860374234971095,2.040857368492524,-1.2389507170707936,-0.6744907594765952,0.0
HUM,WAT,1255,0.6783887141861003,-4.108390126736698,25.366488524451537,10,0.9,-0.38496781220185844,0.18511498700842044,0.6444858361885247,Humana,Waters Corporation,-1.086214481943219,2.4261361961465866,-0.8362868340451513,4.046944556859572,-0.759681849850617
MDT,SYK,1255,0.7828212910785555,-3.3808852123765765,46.68822459014192,4,1.0,-0.538927517757734,0.16647005941408902,0.5097258024040374,Medtronic,Stryker Corporation,0.0,1.0942821910121876,1.1807762732549527,0.0,0.0
BMY,GILD,1005,0.948434117238626,-2.5121383911332043,63.96823810715526,5,1.0,-0.169003166980048,0.16757029646898092,0.493237151736409,Bristol Myers Squibb,Gilead Sciences,1.7225568450337618,-0.4961454617528033,-0.003335751285039835,0.6744907594765952,0.0
MCK,SYK,1255,0.8223864272149163,-3.1575204181862935,49.132840578240355,4,1.0,-0.6249299804670987,0.19665113337126647,0.49257053699571185,McKesson Corporation,Stryker Corporation,0.4115212429894079,0.6853649591471538,0.9888646215605051,0.0,0.0
MCK,MDT,1255,0.7802504850608928,-3.6447578559256213,50.864329651808355,3,1.0,-0.08600246270936493,0.23943188086633177,0.456869666114015,McKesson Corporation,Medtronic,-0.026739230322044512,1.577357741732428,0.858628068495053,-0.6744907594765952,0.0
HSIC,VRTX,1006,0.7896918456109471,-2.665152717443366,51.4726070220384,7,1.0,-0.1935688453235933,0.14220384949144896,0.43373940109289255,Henry Schein,Vertex Pharmaceuticals,0.07146137780119778,-0.21601987178565202,0.8139255696723917,2.023472278429786,0.0
IDXX,MTD,1255,0.7859942784084156,-3.2711326293215603,40.81673519456413,4,1.0,0.38895402644879123,0.12195488327220702,0.4237138941549451,Idexx Laboratories,Mettler Toledo,0.03300258301837846,0.8933565141812109,0.9523699535206441,0.0,0.0
TMO,VRTX,1006,0.7741101116260675,-3.1726683951393784,34.50678395360003,6,1.0,0.11441223105344489,0.13720047132597724,0.4176140277180974,Thermo Fisher Scientific,Vertex Pharmaceuticals,-0.09060591587089596,0.7130965845649623,0.32087214247573514,1.3489815189531904,0.0
BMY,MCK,1005,0.8932365173090202,-3.3458190397718273,31.62442136948196,4,0.75,-0.4866298732381057,0.1695872501368224,0.4107075205266398,Bristol Myers Squibb,McKesson Corporation,1.148440662170736,1.0300860302626107,-0.007128616137896404,0.0,-1.899204624626543
SYK,VRTX,1006,0.8460771669058799,-2.839095688129276,44.017637397251704,3,1.0,0.31941116247406914,0.14611479235525704,0.3690646003211863,Stryker Corporation,Vertex Pharmaceuticals,0.6579311785286962,0.10242009693506486,1.2362691822515026,-0.6744907594765952,0.0
CNC,MOH,1050,0.8438300086573637,-2.927063011767496,37.856896044591416,5,0.8,-0.39502797823809316,0.13566742325494238,0.3393295199004379,Centene Corporation,Molina Healthcare,0.6345582435175255,0.2634631771891204,0.6692950429826712,0.6744907594765952,-1.519363699701234
DGX,MCK,1255,0.8515579628996122,-2.9189060201885195,47.0412674416474,4,0.75,-0.19014161625468454,0.16654487881254107,0.3171830322730948,Quest Diagnostics,McKesson Corporation,0.7149375280617459,0.24853005207908238,1.152448616487274,0.0,-1.899204624626543
MDT,STE,1255,0.7636891956644692,-3.159902894351244,43.00491401391599,5,0.8,-0.49094140039432027,0.185034047807807,0.2917190738832225,Medtronic,Steris,-0.19899498534926294,0.6897265934946241,1.1487433858148977,0.6744907594765952,-1.519363699701234
ABT,BIIB,1255,0.689632941673127,-3.139379421968858,44.34064972235455,5,1.0,0.32045175536298287,0.23597584351235257,0.22618603901550471,Abbott Laboratories,Biogen,-0.9692620606001149,0.652153969101031,1.263762754993961,0.6744907594765952,0.0
HSIC,TMO,1255,0.7271720552698283,-2.9817777477277256,49.24381414530582,6,0.8333333333333334,-0.27994353264313754,0.1357396204209325,0.18907322570354906,Henry Schein,Thermo Fisher Scientific,-0.5788136962928817,0.36363025343849253,0.980380925152907,1.3489815189531904,-1.2661364164176951
DHR,MCK,1255,0.8408400897749606,-2.971915946829489,62.71433447815368,3,1.0,0.52950066947362,0.21702285542637811,0.1804796255260137,Danaher Corporation,McKesson Corporation,0.6034597751416453,0.3455761086967944,0.07110639865405378,-0.6744907594765952,0.0
LLY,REGN,1255,0.9083122748999053,-2.403210185255621,74.67363048891004,6,0.8333333333333334,1.1922257662597424,0.2312478225581113,0.17637417449844023,Lilly (Eli),Regeneron Pharmaceuticals,1.3052452408641095,-0.6955619390940813,-0.5852124959424065,1.3489815189531904,-1.2661364164176951
CI,STE,1255,0.8812380676495024,-2.4566935457142725,74.22996552700891,5,1.0,-0.8056908181698607,0.18885688535852876,0.14629353063870526,Cigna,Steris,1.0236434947652413,-0.5976491601851527,-0.5628042083303411,0.6744907594765952,0.0
BMY,DGX,1005,0.890702989019302,-2.526314591976256,63.91151787581965,3,1.0,-0.3252177936128107,0.1940397783475868,0.11790491422472398,Bristol Myers Squibb,Quest Diagnostics,1.122089161512673,-0.47019288123035435,0.0,-0.6744907594765952,0.0
BIIB,REGN,1255,0.8381079286867351,-2.744273367668965,56.267629366265936,4,0.75,-0.012767106987265065,0.2283303016002805,0.06059772545413883,Biogen,Regeneron Pharmaceuticals,0.575042273349188,-0.07117252737357146,0.47899318877714814,0.0,-1.899204624626543
BMY,MDT,1005,0.7807607468781816,-2.788420778843304,49.31325655577327,4,0.75,-0.5945895544333121,0.23501923233261404,0.0010785362452840341,Bristol Myers Squibb,Medtronic,-0.021431942194005738,0.009648791119616461,0.9750819179311797,0.0,-1.899204624626543
STE,TMO,1255,0.7790788056227392,-2.97914226693435,46.86682414041711,3,0.6666666666666666,0.1920085489820266,0.18670605688909933,-0.04309352983415843,Steris,Thermo Fisher Scientific,-0.03892599437391793,0.3588054397763068,1.166419028694843,-0.6744907594765952,-2.532272832835391
MTD,RMD,1255,0.835974304173333,-2.348749174443377,61.39896012178976,5,0.8,0.11090570173599057,0.13689937081470166,-0.05356083629349259,Mettler Toledo,ResMed,0.552850214947018,-0.7952645169629234,0.15081492255883502,0.6744907594765952,-1.519363699701234
MDT,TMO,1255,0.6967084430210495,-3.1453966193520326,54.1999181047783,3,1.0,-0.29893285141229364,0.19892490791173384,-0.08012579214413985,Medtronic,Thermo Fisher Scientific,-0.8956690088933024,0.6631697413333246,0.6197804455600447,-0.6744907594765952,0.0
HSIC,MCK,1255,0.835370234072183,-2.697138439060629,75.62239985042538,3,1.0,0.1049917814785211,0.21682318918267862,-0.10310698135640088,Henry Schein,McKesson Corporation,0.5465672167533254,-0.15746313821288316,-0.6326887395384421,-0.6744907594765952,0.0
DHR,HSIC,1255,0.8621058217199427,-2.219932317976605,85.40970603027704,5,1.0,0.42450888799509895,0.17432671962194854,-0.1272750817574752,Danaher Corporation,Henry Schein,0.8246469438883244,-1.0310914410531802,-1.0903495929108338,0.6744907594765952,0.0
CNC,ZTS,1050,0.6527817594886959,-3.40974259827826,31.1501441624084,4,1.0,-0.9876925452394612,0.17486056689098606,-0.13177865801694372,Centene Corporation,Zoetis,-1.3525551761829877,1.1471118341283038,-0.06395031847061662,0.0,0.0
BMY,DHR,1005,0.8520969748667514,-2.2808591872933963,61.90238953681164,4,0.75,-1.021332797041048,0.19907793959617812,-0.1796235573010781,Bristol Myers Squibb,Danaher Corporation,0.7205438495954017,-0.9195517204023026,0.12010840191765676,0.0,-1.899204624626543
COO,PFE,1129,0.7179733174294873,-2.9501931055284256,43.48117255476402,3,0.6666666666666666,0.36665094543270704,0.5439382592435613,-0.24226448917266524,Cooper Companies (The),Pfizer,-0.6744907594765952,0.30580778188739094,1.19015845201747,-0.6744907594765952,-2.532272832835391
ABT,TMO,1255,0.6855955544110188,-3.165446118968347,43.14065025095306,3,0.6666666666666666,-0.1993394288432136,0.2042752741221245,-0.2506901512442008,Abbott Laboratories,Thermo Fisher Scientific,-1.0112553604286847,0.6998746567749137,1.1605934494785228,-0.6744907594765952,-2.532272832835391
DHR,SYK,1255,0.7808688603919267,-2.435112564027935,75.01445180898412,4,1.0,-0.09542931099347876,0.18165185429645533,-0.28584891823693875,Danaher Corporation,Stryker Corporation,-0.020307441891340667,-0.6371577825000427,-0.6023362002226292,0.0,0.0
LH,PFE,1129,0.8045879802128705,-2.472162054105654,76.66604695333366,3,1.0,0.3150231460164148,0.3903742795108507,-0.31243289676695035,Labcorp,Pfizer,0.22639767843703557,-0.5693307331232034,-0.6842295154788546,-0.6744907594765952,0.0
REGN,TMO,1255,0.8531567540732253,-2.2400892671814816,86.48714354279728,3,1.0,-0.5070240772189314,0.22005585385049478,-0.35774891890347604,Regeneron Pharmaceuticals,Thermo Fisher Scientific,0.7315667272834601,-0.9941898160608349,-1.1374893457590802,-0.6744907594765952,0.0
BDX,MCK,1255,0.7011167377260509,-2.7085307971287516,55.27409826544845,4,0.75,0.2100470428672297,0.24899128912214424,-0.36982083390983533,Becton Dickinson,McKesson Corporation,-0.8498178607963139,-0.1366069798262424,0.5459836587413689,0.0,-1.899204624626543
DHR,STE,1255,0.777963265107057,-2.43189237317987,67.65973348002508,4,0.75,-0.04744319363006516,0.18980364163951996,-0.4087039904042294,Danaher Corporation,Steris,-0.0505288514457704,-0.6430530335060994,-0.2143080706565954,0.0,-1.899204624626543
ISRG,STE,1255,0.7075110503903639,-2.50285240257223,64.38894753019615,5,0.8,0.677369221636836,0.19647981236925025,-0.41963929549171497,Intuitive Surgical,Steris,-0.7833099259667224,-0.5131454583335049,-0.027985985348439695,0.6744907594765952,-1.519363699701234
AMGN,MCK,1255,0.7804264559123587,-2.365303147471669,79.34495906857416,3,1.0,0.05626437460519715,0.24812355651028548,-0.4625624591654089,Amgen,McKesson Corporation,-0.0249089385400175,-0.7649589137382227,-0.8133821762367934,-0.6744907594765952,0.0
AMGN,MDT,1255,0.7779260348684112,-2.500408736675355,85.42799386678537,3,1.0,-0.0297380881041678,0.3048427281793583,-0.46408415195548103,Amgen,Medtronic,-0.050916087168441516,-0.5176191136280892,-1.0911546673821848,-0.6744907594765952,0.0
A,MTD,1255,0.6899998067784314,-2.3565152709704438,76.46774962943483,5,1.0,-0.2058612158685139,0.13040794104691125,-0.5186201674112042,Agilent Technologies,Mettler Toledo,-0.9654462571204057,-0.781047009205011,-0.6744907594765952,0.6744907594765952,0.0
BDX,MDT,1255,0.7122346849209541,-2.7831502740206324,66.95780013984536,3,0.6666666666666666,0.12404458015786478,0.28757126036887387,-0.6096731183003274,Becton Dickinson,Medtronic,-0.7341788943747515,0.0,-0.1750927639143679,-0.6744907594765952,-2.532272832835391
DGX,SYK,1255,0.8517590068712387,-2.271715174716649,91.04082451493403,3,0.6666666666666666,-0.8150715967217833,0.1808531672492272,-0.6394534669811627,Quest Diagnostics,Stryker Corporation,0.7170286080674901,-0.9362917994491249,-1.3304410116705008,-0.6744907594765952,-2.532272832835391
HSIC,SYK,1255,0.6889680108920805,-2.4199539126612555,73.05865344750059,3,1.0,-0.5199381989885776,0.17121357806353346,-0.6608532202063199,Henry Schein,Stryker Corporation,-0.9761780772814459,-0.6649089497246735,-0.5029947283461422,-0.6744907594765952,0.0
CNC,ELV,1050,0.7483557844602385,-2.3544474125232435,64.3856393839002,3,0.6666666666666666,-0.24441771327027959,0.16916780792272768,-0.663711455012433,Centene Corporation,Elevance Health,-0.35847944703000384,-0.7848326682439978,-0.027792783187019967,-0.6744907594765952,-2.532272832835391
IDXX,RMD,1255,0.7465384784880418,-2.236727830284182,78.91667618650429,4,0.75,0.4998597281847818,0.1684882189155324,-0.7118267817805999,Idexx Laboratories,ResMed,-0.3773814422106344,-1.000343648297986,-0.793029872901294,0.0,-1.899204624626543
ALGN,IDXX,1255,0.6609847643237191,-2.4147199953879555,74.36380149819335,3,1.0,-0.3153325901086269,0.2434936602892392,-0.7638823492730169,Align Technology,Idexx Laboratories,-1.2672348392499229,-0.6744907594765951,-0.5695779685370099,-0.6744907594765952,0.0
MDT,TECH,1255,0.658221884800364,-2.391036637363261,68.90384624805094,3,0.6666666666666666,-1.110700923537842,0.25232347656335374,-0.9792193965153451,Medtronic,Bio-Techne,-1.2959718467952137,-0.7178482332442668,-0.2828244348034296,-0.6744907594765952,-2.532272832835391
