symbol,shares_outstanding
A,282431944.0
AAPL,14687356000.0
ABBV,1766792821.0
ABNB,417930233.0
ABT,1741813154.0
ACGL,349389588.0
ACN,611942109.0
ADBE,397500000.0
ADI,487087040.0
ADM,481956527.0
ADP,399734282.0
ADSK,211145251.0
AEE,276751616.0
AEP,544105032.0
AES,713157713.0
AFL,508984904.0
AIG,530206221.0
AIZ,49547637.0
AJG,256942000.0
AKAM,145385451.0
ALB,117934651.0
ALGN,71618127.0
ALL,257420930.0
ALLE,85036786.0
AMAT,793959430.0
AMCR,462345690.0
AMD,1630600639.0
AME,229203002.0
AMGN,539708274.0
AMP,88400000.0
AMT,465893069.0
AMZN,10757109436.0
ANET,1259169438.0
AON,213576949.0
AOS,111965465.0
APA,353470227.0
APD,222680686.0
APH,1230234445.0
APO,576517513.0
APTV,211620527.0
ARE,174269480.0
ATO,166919822.0
AVB,142983687.0
AVGO,4757580198.0
AVY,76490385.0
AWK,195280521.0
AXON,80602077.0
AXP,682326443.0
AZO,16325355.0
BA,788302331.0
BAC,7096590651.0
BALL,266246511.0
BAX,516469008.0
BBY,210767126.0
BDX,275540427.0
BEN,519637162.0
BF.B,
BG,194018115.0
BIIB,147637117.0
BK,
BKNG,774878436.0
BKR,992068697.0
BLDR,107559876.0
BLK,154995389.0
BMY,2042071247.0
BR,115658297.0
BRK.B,
BRO,338947841.0
BSX,1486355179.0
BX,752601287.0
BXP,159477391.0
C,1677400000.0
CAG,478565642.0
CAH,234205855.0
CARR,830580423.0
CAT,460591983.0
CB,387860106.0
CBOE,104653784.0
CBRE,292816579.0
CCI,437000000.0
CCL,1369649119.0
CDNS,275816000.0
CDW,127753451.0
CEG,357102017.0
CF,153629274.0
CFG,422677660.0
CHD,236943602.0
CHRW,117873042.0
CHTR,119277492.0
CI,264532404.0
CINF,154686742.0
CL,800189310.0
CLX,120921351.0
CMCSA,3539192198.0
CME,361319613.0
CMG,1282734000.0
CMI,137989067.0
CMS,308919602.0
CNC,493797000.0
CNP,654169480.0
COF,613500000.0
COIN,222426875.0
COO,195030630.0
COP,1218294007.0
COR,194561060.0
COST,443478804.0
CPAY,65361919.0
CPB,298206243.0
CPRT,925811482.0
CPT,99090596.0
CRL,48167730.0
CRM,819000000.0
CRWD,1018259280.0
CSCO,3941434665.0
CSGP,408355715.0
CSX,1852474917.0
CTAS,400147000.0
CTRA,
CTSH,473000000.0
CTVA,668820000.0
CVS,1275927307.0
CVX,1991597732.0
CZR,203693576.0
D,879512484.0
DAL,657623030.0
DASH,411336610.0
DAY,
DD,135019401.0
DDOG,330825798.0
DE,269937425.0
DECK,138880957.0
DELL,325046693.0
DG,220586647.0
DGX,110373360.0
DHI,279701267.0
DHR,702986054.0
DIS,1736511424.0
DLR,369976002.0
DLTR,192174588.0
DOC,689419702.0
DOV,134680225.0
DOW,722340711.0
DPZ,33081735.0
DRI,114535003.0
DTE,208028313.0
DUK,779596217.0
DVA,64185000.0
DVN,1153403107.0
DXCM,385872977.0
EA,250751484.0
EBAY,444000000.0
ECL,281437502.0
ED,368529705.0
EFX,117484896.0
EG,39571602.0
EIX,384793941.0
EL,247287571.0
ELV,216869290.0
EMN,114349960.0
EMR,560100000.0
ENPH,131798220.0
EOG,532628530.0
EPAM,52244451.0
EQIX,98624248.0
EQR,374712144.0
EQT,625516000.0
ERIE,46189068.0
ES,376080025.0
ESS,64261739.0
ETN,388300000.0
ETR,466595090.0
EVRG,230513025.0
EW,575800000.0
EXC,1023208142.0
EXE,239228849.0
EXPD,130791133.0
EXPE,114498625.0
EXR,211260936.0
F,3913840554.0
FANG,281313297.0
FAST,1147497573.0
FCX,1437559865.0
FDS,35565543.0
FDX,236581188.0
FE,578431175.0
FFIV,56419247.0
FI,
FICO,23190906.0
FIS,516879151.0
FITB,906573000.0
FOX,220426203.0
FOXA,199474449.0
FRT,86389197.0
FSLR,107453363.0
FTNT,732648391.0
FTV,304861021.0
GD,270430187.0
GDDY,132409847.0
GE,1037562513.0
GEHC,454891786.0
GEN,602433854.0
GEV,266333581.0
GILD,1241569874.0
GIS,533708396.0
GL,77644761.0
GLW,860637825.0
GM,904451541.0
GNRC,58868681.0
GOOG,5527000000.0
GOOGL,5867155790.0
GPC,137859758.0
GPN,273543507.0
GRMN,192856206.0
GS,295007421.0
GWW,47213119.0
HAL,835397735.0
HAS,141490692.0
HBAN,2020414826.0
HCA,221839800.0
HD,997116682.0
HIG,274130820.0
HII,39404029.0
HLT,227648372.0
HOLX,
HON,316940010.0
HPE,1324203521.0
HPQ,914522690.0
HRL,550314959.0
HSIC,113916757.0
HST,684879281.0
HSY,148229858.0
HUBB,52841777.0
HUM,120061500.0
HWM,400107483.0
IBKR,445484364.0
IBM,942134390.0
ICE,565512495.0
IDXX,78882997.0
IEX,74015052.0
IFF,255303473.0
INCY,199782155.0
INTC,5044000000.0
INTU,273537000.0
INVH,594041956.0
IP,529516974.0
IPG,
IQV,166900000.0
IR,391336834.0
IRM,297524681.0
ISRG,358278038.0
IT,66951889.0
ITW,287700000.0
IVZ,443296629.0
J,118080879.0
JBHT,93900000.0
JBL,104787089.0
JCI,610115603.0
JKHY,71050780.0
JNJ,2409898597.0
JPM,2658200000.0
K,
KDP,1360559471.0
KEY,1072035000.0
KEYS,170895368.0
KHC,1185777638.0
KIM,674389792.0
KKR,897872941.0
KLAC,1306275210.0
KMB,331940357.0
KMI,2224825757.0
KMX,141911096.0
KO,4302482418.0
KR,612647282.0
KVUE,1920008668.0
L,205768873.0
LDOS,125785466.0
LEN,210506003.0
LH,82000000.0
LHX,186294951.0
LII,34799968.0
LIN,462347310.0
LKQ,254790835.0
LLY,891741406.0
LMT,230790753.0
LNT,258277037.0
LOW,560707041.0
LRCX,1250571000.0
LULU,108437957.0
LUV,489208201.0
LVS,662637325.0
LW,137455441.0
LYB,322784773.0
LYV,232712799.0
MA,877036230.0
MAA,116384802.0
MAR,263688623.0
MAS,201734437.0
MCD,710505859.0
MCHP,543008370.0
MCK,117077745.0
MCO,173180984.0
MDLZ,1283649766.0
MDT,1280045190.0
MET,643436779.0
META,2196045588.0
MGM,255851235.0
MHK,60953145.0
MKC,254055150.0
MKTX,35539453.0
MLM,60045900.0
MMC,
MMM,515722417.0
MNST,978008110.0
MO,1669891235.0
MOH,52200000.0
MOS,317846644.0
MPC,291936635.0
MPWR,49130000.0
MRK,2469824415.0
MRNA,396786259.0
MS,1572000000.0
MSCI,72700000.0
MSFT,7428434704.0
MSI,165995582.0
MTB,144933000.0
MTCH,233266526.0
MTD,20207601.0
MU,1129393151.0
NCLH,459110140.0
NDAQ,558977372.0
NDSN,55717948.0
NEE,2085605358.0
NEM,1053692271.0
NFLX,4163939676.0
NI,479439245.0
NKE,1202110951.0
NOC,142063026.0
NOW,1033862000.0
NRG,210986470.0
NSC,224608373.0
NTAP,195919927.0
NTRS,122831734.0
NUE,227740950.0
NVDA,24221000000.0
NVR,2678153.0
NWS,180808088.0
NWSA,361099217.0
NXPI,252471079.0
O,932492530.0
ODFL,207968283.0
OKE,630032852.0
OMC,285006196.0
ON,389185602.0
ORCL,2880471000.0
ORLY,828715079.0
OTIS,380669339.0
OXY,994634701.0
PANW,815000000.0
PAYC,46627098.0
PAYX,355682860.0
PCAR,526286229.0
PCG,2680110496.0
PEG,498321402.0
PEP,1366000000.0
PFE,5699444169.0
PFG,216012384.0
PG,2328598978.0
PGR,581400000.0
PH,126086389.0
PHM,190486353.0
PKG,89098647.0
PLD,932338000.0
PLTR,2296071334.0
PM,1558558846.0
PNC,399000000.0
PNR,161605541.0
PNW,121187166.0
PODD,69264674.0
POOL,36443003.0
PPG,222900000.0
PPL,752350362.0
PRU,347325107.0
PSA,186745748.0
PSKY,1087672971.0
PSX,400935020.0
PTC,115505791.0
PWR,150060149.0
PYPL,882105493.0
QCOM,1054000000.0
RCL,268194978.0
REG,183096790.0
REGN,103021886.0
RF,853379538.0
RJF,192100000.0
RL,37635070.0
RMD,145056384.0
ROK,111273953.0
ROL,481145404.0
ROP,98900000.0
ROST,320781076.0
RSG,307664087.0
RTX,1347758144.0
RVTY,111559773.0
SBAC,106063017.0
SBUX,1139700000.0
SCHW,1739135507.0
SHW,246635621.0
SJM,106880690.0
SLB,1484000000.0
SMCI,646873027.0
SNA,51727124.0
SNPS,191479325.0
SO,1127301098.0
SOLV,173174712.0
SPG,324281912.0
SPGI,296000000.0
SRE,653707401.0
STE,97457680.0
STLD,144212781.0
STT,274702550.0
STX,226252116.0
STZ,170752511.0
SW,524464078.0
SWK,155455564.0
SWKS,150405963.0
SYF,325370840.0
SYK,383360762.0
SYY,478182608.0
T,6852385650.0
TAP,175215417.0
TDG,55933583.0
TDY,46329138.0
TECH,155810652.0
TEL,289940672.0
TER,156542162.0
TFC,1221626000.0
TGT,454191112.0
TJX,1104704446.0
TKO,74967673.0
TMO,371621465.0
TMUS,1072671613.0
TPL,68974429.0
TPR,202044714.0
TRGP,214643903.0
TRMB,233111519.0
TROW,214266606.0
TRV,208575022.0
TSCO,524449616.0
TSLA,3949547394.0
TSN,282120397.0
TT,221055477.0
TTD,426999732.0
TTWO,185666663.0
TXN,913092791.0
TXT,173888981.0
TYL,41140555.0
UAL,324569728.0
UBER,2035599013.0
UDR,324915653.0
UHS,53287606.0
ULTA,42989311.0
UNH,908144404.0
UNP,594075498.0
UPS,746581816.0
URI,62242489.0
USB,1557731728.0
V,1659709932.0
VICI,1101080187.0
VLO,296932782.0
VLTO,245599266.0
VMC,129754885.0
VRSK,131021840.0
VRSN,90400000.0
VRTX,253805417.0
VST,337182468.0
VTR,486169723.0
VTRS,1164552654.0
VZ,4175558910.0
WAB,168910851.0
WAT,98185855.0
WBD,2507136702.0
WDAY,201000000.0
WDC,344682131.0
WEC,325725678.0
WELL,705914450.0
WFC,3060189494.0
WM,401575752.0
WMB,1222998265.0
WMT,7958079155.0
WRB,371058000.0
WSM,117746611.0
WST,70375762.0
WTW,94447976.0
WY,721042609.0
WYNN,103786729.0
XEL,624269560.0
XOM,4144947162.0
XYL,237693493.0
XYZ,535195000.0
YUM,275621202.0
ZBH,193462482.0
ZBRA,47633392.0
ZTS,419228118.0
