sector,symbol_a,security_a,symbol_b,security_b,subindustry,n_days,pearson_r,p_value,mean_log_rel_pe,ci99_low,ci99_high,exp_mean_log_rel_pe
Consumer Discretionary,HLT,Hilton Worldwide,MAR,Marriott International,"Hotels, Resorts & Cruise Lines",1255,0.9793746712001136,0.0,0.350434945418316,0.3385060415504039,0.36236384928622806,1.4196848997690992
Consumer Discretionary,DHI,D. R. Horton,LEN,Lennar,Homebuilding,1255,0.9696694729047683,0.0,0.028140487567598186,0.022247038387284975,0.0340339367479114,1.0285401713787308
Consumer Discretionary,DHI,D. R. Horton,PHM,PulteGroup,Homebuilding,1255,0.9596539434074943,0.0,0.15666521084277388,0.14895266963637752,0.16437775204917024,1.169603977616826
Consumer Discretionary,LEN,Lennar,PHM,PulteGroup,Homebuilding,1255,0.9584227282821117,0.0,0.1285247232751757,0.12231186705930183,0.13473757949104956,1.1371495350045522
Consumer Discretionary,ABNB,Airbnb,EXPE,Expedia Group,"Hotels, Resorts & Cruise Lines",1144,0.956035535595607,0.0,0.6540300650775523,0.5996467482553096,0.7084133818997951,1.923276159687139
Consumer Discretionary,HD,Home Depot (The),LOW,Lowe's,Home Improvement Retail,1255,0.9388744488977095,0.0,0.20538037504623305,0.20121344294196924,0.20954730715049685,1.2279920736801158
Consumer Discretionary,GM,General Motors,TSLA,"Tesla, Inc.",Automobile Manufacturers,1255,0.8532300730747933,0.0,-2.774193870487164,-2.8074994023531077,-2.7408883386212204,0.06239975870712901
Consumer Discretionary,LVS,Las Vegas Sands,WYNN,Wynn Resorts,Casinos & Gaming,705,0.9275816286057155,8.505199972682042e-303,-0.04882220958880877,-0.1155016089404288,0.017857189762811254,0.9523504334229259
Consumer Discretionary,NVR,"NVR, Inc.",PHM,PulteGroup,Homebuilding,1255,0.8148901955940224,4.527764327526891e-299,0.6703497768988051,0.6587128398608384,0.6819867139367719,1.954920987263907
Consumer Discretionary,MCD,McDonald's,YUM,Yum! Brands,Restaurants,1255,0.7855318112596963,1.9442086335723155e-263,-0.05505793155457413,-0.05868215645505747,-0.051433706654090784,0.9464303181856838
Consumer Discretionary,DHI,D. R. Horton,NVR,"NVR, Inc.",Homebuilding,1255,0.7748544054310241,7.624889222100292e-252,-0.5136845660560312,-0.5297976487878089,-0.49757148332425344,0.5982870843561792
Consumer Discretionary,EXPE,Expedia Group,MAR,Marriott International,"Hotels, Resorts & Cruise Lines",1144,0.7900857541904558,5.649400272327628e-245,-0.24063810025949872,-0.26929780675954906,-0.21197839375944835,0.7861260737366168
Consumer Discretionary,LEN,Lennar,NVR,"NVR, Inc.",Homebuilding,1255,0.7465859812313038,5.145570078800377e-224,-0.5418250536236294,-0.5565651121178761,-0.5270849951293828,0.5816856754891656
Consumer Discretionary,EXPE,Expedia Group,HLT,Hilton Worldwide,"Hotels, Resorts & Cruise Lines",1144,0.762075513638975,8.269670464113052e-218,-0.5773474646877084,-0.6036392830493511,-0.5510556463260656,0.5613854882033985
Consumer Discretionary,AZO,AutoZone,ORLY,O’Reilly Automotive,Automotive Retail,1255,0.7385297117675312,9.40628136273902e-217,1.8508832289764305,1.7704734722432633,1.9312929857095977,6.3654391808462405
Consumer Discretionary,RL,Ralph Lauren Corporation,TPR,"Tapestry, Inc.","Apparel, Accessories & Luxury Goods",1255,0.6999257025699062,2.2681194563136638e-185,0.031819745446075395,-0.013392189099991327,0.07703167999214211,1.0323314060958992
Consumer Discretionary,ROST,Ross Stores,TJX,TJX Companies,Apparel Retail,1255,0.6945761810822684,2.038140100178086e-181,-0.09480616187232431,-0.10338961544517099,-0.08622270829947763,0.9095492227003461
Consumer Discretionary,ABNB,Airbnb,MAR,Marriott International,"Hotels, Resorts & Cruise Lines",1144,0.7109724045020159,7.923013940945847e-177,0.4133919648180535,0.34465039432915495,0.4821335353069521,1.511937536126089
Consumer Discretionary,AMZN,Amazon,EBAY,eBay Inc.,Broadline Retail,1255,-0.671479102259722,2.6600570332258993e-165,1.4489415906411165,1.3946310272824867,1.5032521539997463,4.258604781860935
Consumer Discretionary,ABNB,Airbnb,HLT,Hilton Worldwide,"Hotels, Resorts & Cruise Lines",1144,0.6443062117914079,3.58148368423622e-135,0.07668260038984402,0.004656119605561962,0.14870908117412607,1.079699325855922
Consumer Discretionary,DRI,Darden Restaurants,MCD,McDonald's,Restaurants,1255,0.5971385255187769,3.9845594523365214e-122,-0.2666344983826321,-0.2752382480867021,-0.25803074867856207,0.7659529773612823
Consumer Discretionary,LULU,Lululemon Athletica,RL,Ralph Lauren Corporation,"Apparel, Accessories & Luxury Goods",1255,-0.5873101534675804,3.0638707282517765e-117,0.4962651754126886,0.4414440025517788,0.5510863482735984,1.6425750705947302
Consumer Discretionary,LULU,Lululemon Athletica,TPR,"Tapestry, Inc.","Apparel, Accessories & Luxury Goods",1255,-0.571041750906048,1.6410470993750394e-109,0.5280849208587639,0.43388270881382157,0.6222871329037062,1.6956818322451286
Consumer Discretionary,DRI,Darden Restaurants,YUM,Yum! Brands,Restaurants,1255,0.5264859274704627,2.042638572763961e-90,-0.3216924299372062,-0.3306133830092903,-0.31277147686512213,0.7249211200793103
Consumer Discretionary,DPZ,Domino's,SBUX,Starbucks,Restaurants,1255,-0.5089521636677833,1.1870299963733413e-83,-0.18537469786415267,-0.220924133798437,-0.14982526192986834,0.8307929291876848
Consumer Discretionary,CCL,Carnival,NCLH,Norwegian Cruise Line Holdings,"Hotels, Resorts & Cruise Lines",602,0.6715467687069193,3.650519443333246e-80,-0.014897879532850981,-0.0485689268226977,0.018773167756995737,0.985212544831368
Consumer Discretionary,HLT,Hilton Worldwide,RCL,Royal Caribbean Group,"Hotels, Resorts & Cruise Lines",769,-0.5968383520286278,2.1596490963072262e-75,0.5459746190520425,0.47980102904025956,0.6121482090638254,1.7262900379168615
Consumer Discretionary,BKNG,Booking Holdings,MAR,Marriott International,"Hotels, Resorts & Cruise Lines",1255,0.4596237122068983,1.3193032957341124e-66,-2.803781061594377,-2.8701680689414326,-2.7373940542473214,0.060580570168840706
Consumer Discretionary,F,Ford Motor Company,TSLA,"Tesla, Inc.",Automobile Manufacturers,1114,0.47565733521814924,5.7832473277429266e-64,-2.513926021737103,-2.5562212378260156,-2.47163080564819,0.08094980386821413
Consumer Discretionary,BKNG,Booking Holdings,HLT,Hilton Worldwide,"Hotels, Resorts & Cruise Lines",1255,0.44529153589163256,3.728491938648708e-62,-3.1542160070126934,-3.22100358348618,-3.087428430539207,0.04267184230718637
Consumer Discretionary,LULU,Lululemon Athletica,NKE,"Nike, Inc.","Apparel, Accessories & Luxury Goods",1255,0.42970475500800687,1.5015232782945031e-57,-0.04597173263884136,-0.08358775526080342,-0.008355710016879299,0.9550689590883452
Consumer Discretionary,EXPE,Expedia Group,RCL,Royal Caribbean Group,"Hotels, Resorts & Cruise Lines",769,-0.5189372195555764,3.0737123607081544e-54,-0.12196366982983001,-0.1859992664827619,-0.057928073176898104,0.8851805266776329
Consumer Discretionary,DRI,Darden Restaurants,SBUX,Starbucks,Restaurants,1255,0.4125792123628761,9.235686580214504e-53,-0.5394762623972539,-0.5632231497563962,-0.5157293750381116,0.5830535394848839
Consumer Discretionary,CMG,Chipotle Mexican Grill,DPZ,Domino's,Restaurants,1255,-0.3951373668815563,3.6708685831590303e-48,-1.795612356931875,-1.9251835217610593,-1.6660411921026905,0.16602575419077706
Consumer Discretionary,F,Ford Motor Company,GM,General Motors,Automobile Manufacturers,1114,0.38979152535082423,9.811089466224765e-42,0.281158729677552,0.2566198438546078,0.30569761550049623,1.3246638507145028
Consumer Discretionary,CCL,Carnival,MAR,Marriott International,"Hotels, Resorts & Cruise Lines",602,-0.5045983329356367,3.31942409718084e-40,-0.5257454451673415,-0.5811389679772155,-0.47035192235746737,0.5911145565986559
Consumer Discretionary,SBUX,Starbucks,YUM,Yum! Brands,Restaurants,1255,0.3604815690576133,8.300542709351706e-40,0.2177838324600477,0.1923771747800197,0.2431904901400757,1.243318273515265
Consumer Discretionary,CMG,Chipotle Mexican Grill,SBUX,Starbucks,Restaurants,1255,0.3439144553937564,3.6681076456771466e-36,-1.9809870547960278,-2.092620376391517,-1.8693537332005383,0.1379330226447502
Consumer Discretionary,EXPE,Expedia Group,NCLH,Norwegian Cruise Line Holdings,"Hotels, Resorts & Cruise Lines",642,-0.4371602083905046,2.3989156688065942e-31,0.14720830473174992,0.09814195481132951,0.19627465465217034,1.1585952787741287
Consumer Discretionary,ABNB,Airbnb,CCL,Carnival,"Hotels, Resorts & Cruise Lines",602,-0.4413657093321399,4.320014777499358e-30,0.5406685770336408,0.4780702806597369,0.6032668734075447,1.7171545285714294
Consumer Discretionary,GPC,Genuine Parts Company,POOL,Pool Corporation,Distributors,1255,-0.3010797899897248,1.0377549705502807e-27,-0.02966244818794227,-0.10113681148725637,0.041811915111371833,0.9707731644899589
Consumer Discretionary,ABNB,Airbnb,RCL,Royal Caribbean Group,"Hotels, Resorts & Cruise Lines",769,0.33653151519048163,8.112772292347318e-22,0.18830704152153022,0.13582029062276366,0.24079379242029678,1.2072041202410253
Consumer Discretionary,MCD,McDonald's,SBUX,Starbucks,Restaurants,1255,0.26627753648125213,8.187687460091847e-22,-0.27284176401462185,-0.29904094919479574,-0.24664257883444796,0.7612132294250108
Consumer Discretionary,NKE,"Nike, Inc.",TPR,"Tapestry, Inc.","Apparel, Accessories & Luxury Goods",1255,0.25760231783225074,1.7985343173786314e-20,0.5740566534976054,0.5146622657700406,0.6334510412251702,1.775454867535147
Consumer Discretionary,LKQ,LKQ Corporation,POOL,Pool Corporation,Distributors,1255,0.24717448094998226,6.340296926185139e-19,-0.6422617908938427,-0.6587273394452062,-0.6257962423424792,0.5261011465580908
Consumer Discretionary,MAR,Marriott International,NCLH,Norwegian Cruise Line Holdings,"Hotels, Resorts & Cruise Lines",642,-0.3289519825193627,1.1488535888219177e-17,0.43871762786712526,0.3899790711427021,0.48745618459154844,1.5507173461948986
Consumer Discretionary,CMG,Chipotle Mexican Grill,DRI,Darden Restaurants,Restaurants,1255,0.23262960168510383,6.960491588109296e-17,-1.4415107923987738,-1.5616174792735413,-1.3214041055240062,0.23657008028218343
Consumer Discretionary,DPZ,Domino's,DRI,Darden Restaurants,Restaurants,1255,0.22747603081525067,3.414435173509131e-16,0.3541015645331013,0.339141850926806,0.36906127813939665,1.424899898423863
Consumer Discretionary,BKNG,Booking Holdings,CCL,Carnival,"Hotels, Resorts & Cruise Lines",602,-0.3240692252971467,3.4671635186365786e-16,-1.9223133139477329,-2.081343186698476,-1.7632834411969895,0.14626820617552566
Consumer Discretionary,KMX,CarMax,ORLY,O’Reilly Automotive,Automotive Retail,1255,-0.22418660864681617,9.23476065726687e-16,1.8701005538997835,1.7749685860855051,1.9652325217140618,6.488948855595574
Consumer Discretionary,HLT,Hilton Worldwide,NCLH,Norwegian Cruise Line Holdings,"Hotels, Resorts & Cruise Lines",642,-0.3082812444121499,1.3345274651609299e-15,0.8431560345097189,0.7976095372518246,0.8887025317676132,2.323689059191706
Consumer Discretionary,CMG,Chipotle Mexican Grill,MCD,McDonald's,Restaurants,1255,0.21937423333398917,3.849486527188929e-15,-1.7081452907814059,-1.830631483484359,-1.5856590980784528,0.181201557346736
Consumer Discretionary,ABNB,Airbnb,NCLH,Norwegian Cruise Line Holdings,"Hotels, Resorts & Cruise Lines",642,-0.302520626655594,4.705049694502854e-15,0.4435413760237785,0.386852930133885,0.500229821913672,1.5582156866484491
Consumer Discretionary,MAR,Marriott International,RCL,Royal Caribbean Group,"Hotels, Resorts & Cruise Lines",769,-0.24858045027717424,2.7065709483544045e-12,0.16573150477675408,0.10692068736767424,0.22454232218583392,1.1802561660345339
Consumer Discretionary,GPC,Genuine Parts Company,LKQ,LKQ Corporation,Distributors,1255,0.19127035795632444,8.352807810926322e-12,0.6125993427059003,0.549352394971949,0.6758462904398517,1.8452215336177156
Consumer Discretionary,CMG,Chipotle Mexican Grill,YUM,Yum! Brands,Restaurants,1255,0.15987387398124717,1.2358105426868993e-08,-1.7632032223359801,-1.8855412053476555,-1.6408652393243048,0.17149464757541275
Consumer Discretionary,CCL,Carnival,EXPE,Expedia Group,"Hotels, Resorts & Cruise Lines",602,-0.20487055179188296,3.9767657188149443e-07,-0.2454953818347952,-0.2937848163392204,-0.19720594733037,0.7823168966548391
Consumer Discretionary,BKNG,Booking Holdings,RCL,Royal Caribbean Group,"Hotels, Resorts & Cruise Lines",769,-0.18126629694390062,4.1822403351897943e-07,-2.4511022219611456,-2.586993448669094,-2.315210995253197,0.08619852421271912
Consumer Discretionary,CCL,Carnival,HLT,Hilton Worldwide,"Hotels, Resorts & Cruise Lines",602,-0.18301067372916954,6.207898393548297e-06,-0.9387748937457082,-0.9855344947478777,-0.8920152927435387,0.39110668922626135
Consumer Discretionary,DPZ,Domino's,MCD,McDonald's,Restaurants,1255,0.12180550678231009,1.5122280292916622e-05,0.08746706615046919,0.07505671311612658,0.0998774191848118,1.0914063196395467
Consumer Discretionary,AZO,AutoZone,KMX,CarMax,Automotive Retail,1255,-0.10298014971186312,0.0002579284321684867,-0.01921732492335261,-0.044457076810544796,0.0060224269638395715,0.9809661506820436
Consumer Discretionary,MGM,MGM Resorts,WYNN,Wynn Resorts,Casinos & Gaming,705,-0.11680696796516557,0.001892675610450404,-0.08567883750643578,-0.19756430833248018,0.02620663331960861,0.9178889753993841
